{
  "train_losses": [
    19883.011335787225,
    6809.938041257076,
    7469.361561052135,
    8493.420738288247
  ],
  "val_losses": [
    3451.4419759114585,
    3451.4419759114585,
    3451.4419759114585,
    3451.4419759114585
  ],
  "train_accuracies": [
    0.7732751987689152,
    0.7863554757630161,
    0.7855860477045397,
    0.7766093870223134
  ],
  "val_accuracies": [
    0.8655913978494624,
    0.8655913978494624,
    0.8655913978494624,
    0.8655913978494624
  ],
  "best_val_accuracy": 0.8655913978494624,
  "best_model_path": "models\\best_model_epoch_1.pth",
  "total_time": 8507.609600067139
}